{"cameraMode":{"drawMode":0,"name":"Shaded","section":"Shading Mode"},"sceneLighting":true,"audioPlay":false,"sceneViewState":{"m_AlwaysRefresh":false,"showFog":true,"showSkybox":true,"showFlares":true,"showImageEffects":true,"showParticleSystems":true,"showVisualEffectGraphs":true,"m_FxEnabled":true},"in2DMode":false,"pivot":{"x":-0.3122662305831909,"y":0.25725090503692629,"z":0.7106812596321106},"rotation":{"x":-0.39356523752212527,"y":0.3114449679851532,"z":-0.1436988264322281,"w":-0.8529387712478638},"size":3.310347080230713,"orthographic":false}