{"cameraMode":{"drawMode":0,"name":"Shaded","section":"Shading Mode"},"sceneLighting":true,"audioPlay":false,"sceneViewState":{"m_AlwaysRefresh":false,"showFog":true,"showSkybox":true,"showFlares":true,"showImageEffects":true,"showParticleSystems":true,"showVisualEffectGraphs":true,"m_FxEnabled":true},"in2DMode":false,"pivot":{"x":2.507288932800293,"y":-0.23710060119628907,"z":-1.5265939235687256},"rotation":{"x":-0.23501142859458924,"y":-0.7432218790054321,"z":0.32684656977653506,"w":-0.534412682056427},"size":1.7648999691009522,"orthographic":false}