{"cameraMode":{"drawMode":0,"name":"Shaded","section":"Shading Mode"},"sceneLighting":false,"audioPlay":false,"sceneViewState":{"m_AlwaysRefresh":false,"showFog":true,"showSkybox":false,"showFlares":true,"showImageEffects":true,"showParticleSystems":true,"showVisualEffectGraphs":true,"m_FxEnabled":true},"in2DMode":false,"pivot":{"x":-0.5519559383392334,"y":1.281208872795105,"z":0.30561429262161257},"rotation":{"x":-0.19623541831970216,"y":0.2953598201274872,"z":-0.06211766228079796,"w":-0.9329695701599121},"size":0.1833602786064148,"orthographic":false}